{"cameraMode":{"drawMode":0,"name":"Shaded","section":"Shading Mode"},"sceneLighting":true,"audioPlay":false,"sceneViewState":{"m_AlwaysRefresh":false,"showFog":true,"showSkybox":false,"showFlares":true,"showImageEffects":true,"showParticleSystems":true,"showVisualEffectGraphs":true,"m_FxEnabled":true},"in2DMode":false,"pivot":{"x":-0.0007638931274414063,"y":-0.09660440683364868,"z":0.001650005578994751},"rotation":{"x":0.059581365436315539,"y":-0.25152042508125307,"z":0.010540436953306198,"w":0.9668054580688477},"size":0.8738981485366821,"orthographic":false}