{"count":1,"self":2.1617904,"total":2.5837991,"children":{"InitializeActuators":{"count":5,"self":0.0029996999999999997,"total":0.0029996999999999997,"children":null},"InitializeSensors":{"count":5,"self":0.0050005,"total":0.0050005,"children":null},"AgentSendState":{"count":593,"self":0.075971799999999992,"total":0.2759868,"children":{"CollectObservations":{"count":2965,"self":0.078960599999999992,"total":0.078960599999999992,"children":null},"WriteActionMask":{"count":2965,"self":0.0040019,"total":0.0040019,"children":null},"RequestDecision":{"count":2965,"self":0.008025899999999999,"total":0.11705249999999999,"children":{"AgentInfo.ToProto":{"count":2965,"self":0.010997199999999999,"total":0.1090266,"children":{"GenerateSensorData":{"count":2965,"self":0.09203299999999999,"total":0.098029399999999989,"children":{"RayPerceptionSensor.Perceive":{"count":2965,"self":0.0059964,"total":0.0059964,"children":null}}}}}}}}},"DecideAction":{"count":593,"self":0.1280188,"total":0.1280188,"children":null},"AgentAct":{"count":593,"self":0.0080036,"total":0.0080036,"children":null}},"gauges":{},"metadata":{"timer_format_version":"0.1.0","start_time_seconds":"1629791971","unity_version":"2020.3.13f1","command_line_arguments":"D:\\Github\\LogisticsEnv\\MAAC\\..\/Build_Windows\/Logistics.exe --mlagents-port 5005","communication_protocol_version":"1.5.0","com.unity.ml-agents_version":"2.1.0-exp.1","scene_name":"Logistics","end_time_seconds":"1629791973"}}