{"cameraMode":{"drawMode":0,"name":"Shaded","section":"Shading Mode"},"sceneLighting":false,"audioPlay":false,"sceneViewState":{"m_AlwaysRefresh":false,"showFog":true,"showSkybox":false,"showFlares":true,"showImageEffects":true,"showParticleSystems":true,"showVisualEffectGraphs":true,"m_FxEnabled":true},"in2DMode":false,"pivot":{"x":-0.11925557255744934,"y":0.024053646251559259,"z":-0.21263271570205689},"rotation":{"x":-0.017127541825175287,"y":0.968148410320282,"z":-0.06712336838245392,"w":-0.24177828431129456},"size":0.5696948766708374,"orthographic":false}