{"cameraMode":{"drawMode":0,"name":"Shaded","section":"Shading Mode"},"sceneLighting":true,"audioPlay":false,"sceneViewState":{"m_AlwaysRefresh":false,"showFog":true,"showSkybox":true,"showFlares":true,"showImageEffects":true,"showParticleSystems":true,"showVisualEffectGraphs":true,"m_FxEnabled":true},"in2DMode":false,"pivot":{"x":0.10223865509033203,"y":4.499703884124756,"z":0.16707515716552735},"rotation":{"x":-0.16001763939857484,"y":0.5635798573493958,"z":-0.10496953129768372,"w":-0.8047547340393066},"size":4.263256072998047,"orthographic":false}