{"cameraMode":{"drawMode":0,"name":"Shaded","section":"Shading Mode"},"sceneLighting":true,"audioPlay":false,"sceneViewState":{"m_AlwaysRefresh":false,"showFog":true,"showSkybox":true,"showFlares":true,"showImageEffects":true,"showParticleSystems":true,"showVisualEffectGraphs":true,"m_FxEnabled":true},"in2DMode":false,"pivot":{"x":2.9809110164642336,"y":11.474006652832032,"z":1.354152798652649},"rotation":{"x":0.18174661695957185,"y":-0.7894269227981567,"z":0.27232638001441958,"w":0.5206111073493958},"size":9.920942306518555,"orthographic":false}